{"ensemble_summary": {"num_plans": 16, "num_incumbents": 3, "avg_incumbent_winners": 2.0, "avg_geo_var": 37.36732171914994, "avg_pop_var": 34.48818415794649}, "winner_split": {"1/1": 16}, "b_w_data": {"geo_variations": [[20.062766300639222, 29.245208049009907, 29.245208049009907, 30.800459169138662, 44.3515951697796], [29.245208049009907, 31.528763172843828, 38.28222309999468, 49.29915961753527, 60.27794639079849], [29.47649960074602, 34.242315216043224, 45.86138437298278, 56.98837284131708, 60.27794639079849]], "pop_variations": [[17.918303592559283, 24.900420300763383, 26.888528778954203, 30.784542852800573, 42.47258507433968], [21.50346243670619, 26.888528778954203, 34.1780485404436, 41.989590907956234, 43.55565872602594], [26.888528778954203, 41.16288629061114, 46.20223984342984, 47.10514202909921, 48.970145439308176]], "VAPBLACK_percentages": [[29.130230627369052, 29.130230627369052, 29.130230627369052, 29.20771351856783, 29.440162192164163], [42.43134258809505, 42.65674072547078, 45.15361272218706, 48.02512597503138, 49.37444788079124], [51.74697706182461, 52.135826720635066, 52.27021777365704, 53.91561969133036, 58.8375019440949]]}, "incumbent_data": {"Buddy Carter": {"geo_variations": [29.245208049009907, 29.245208049009907, 44.3515951697796, 29.245208049009907, 29.245208049009907, 29.245208049009907, 44.3515951697796, 29.245208049009907, 29.245208049009907, 29.245208049009907, 44.3515951697796, 29.245208049009907, 29.245208049009907, 29.245208049009907, 44.3515951697796, 29.245208049009907], "pop_variations": [26.888528778954203, 26.888528778954203, 42.47258507433968, 26.888528778954203, 26.888528778954203, 26.888528778954203, 42.47258507433968, 26.888528778954203, 26.888528778954203, 26.888528778954203, 42.47258507433968, 26.888528778954203, 26.888528778954203, 26.888528778954203, 42.47258507433968, 26.888528778954203], "VAPBLACK_percentages": [29.130230627369052, 29.130230627369052, 29.440162192164163, 29.130230627369052, 29.130230627369052, 29.130230627369052, 29.440162192164163, 29.130230627369052, 29.130230627369052, 29.130230627369052, 29.440162192164163, 29.130230627369052, 29.130230627369052, 29.130230627369052, 29.440162192164163, 29.130230627369052]}, "Sanford Bishop": {"geo_variations": [29.47649960074602, 32.21285103020976, 60.27794639079849, 55.89184832482328, 29.47649960074602, 32.21285103020976, 60.27794639079849, 55.89184832482328, 29.47649960074602, 32.21285103020976, 60.27794639079849, 55.89184832482328, 29.47649960074602, 32.21285103020976, 60.27794639079849, 55.89184832482328], "pop_variations": [21.50346243670619, 24.900420300763383, 43.55565872602594, 41.467568301933, 21.50346243670619, 24.900420300763383, 43.55565872602594, 41.467568301933, 21.50346243670619, 24.900420300763383, 43.55565872602594, 41.467568301933, 21.50346243670619, 24.900420300763383, 43.55565872602594, 41.467568301933], "VAPBLACK_percentages": [49.37444788079124, 47.57535200644476, 42.731873437929366, 42.43134258809505, 49.37444788079124, 47.57535200644476, 42.731873437929366, 42.43134258809505, 49.37444788079124, 47.57535200644476, 42.731873437929366, 42.43134258809505, 49.37444788079124, 47.57535200644476, 42.731873437929366, 42.43134258809505]}, "Drew Ferguson": {"geo_variations": [20.062766300639222, 35.830920421142295, 35.46621252952493, 47.101596715105934, 20.062766300639222, 35.830920421142295, 35.46621252952493, 47.101596715105934, 20.062766300639222, 35.830920421142295, 35.46621252952493, 47.101596715105934, 20.062766300639222, 35.830920421142295, 35.46621252952493, 47.101596715105934], "pop_variations": [17.918303592559283, 46.48347422569623, 45.92100546116345, 48.970145439308176, 17.918303592559283, 46.48347422569623, 45.92100546116345, 48.970145439308176, 17.918303592559283, 46.48347422569623, 45.92100546116345, 48.970145439308176, 17.918303592559283, 46.48347422569623, 45.92100546116345, 48.970145439308176], "VAPBLACK_percentages": [58.8375019440949, 51.74697706182461, 52.26544327357189, 52.274992273742185, 58.8375019440949, 51.74697706182461, 52.26544327357189, 52.274992273742185, 58.8375019440949, 51.74697706182461, 52.26544327357189, 52.274992273742185, 58.8375019440949, 51.74697706182461, 52.26544327357189, 52.274992273742185]}}}